{"name":"d5d6a613-0c88-4ed5-9b78-7dce4dd30b82","id":"/providers/Microsoft.Flow/flows/d5d6a613-0c88-4ed5-9b78-7dce4dd30b82","type":"Microsoft.Flow/flows","properties":{"apiId":"/providers/Microsoft.PowerApps/apis/shared_logicflows","displayName":"Prod - Create Planner Task From Email - To-do Trigger","definition":{"metadata":{"workflowEntityId":null,"processAdvisorMetadata":null,"flowclientsuspensionreason":"None","flowclientsuspensiontime":null,"flowclientsuspensionreasondetails":null,"creator":{"id":"df291291-9ac9-42c2-a976-062f6e2ad9da","type":"User","tenantId":"7b326d24-41ad-4f57-bc60-89e4a6ac721b"},"provisioningMethod":"FromDefinition","failureAlertSubscription":true,"clientLastModifiedTime":"2023-01-24T04:48:41.5097616Z"},"$schema":"https://schema.management.azure.com/providers/Microsoft.Logic/schemas/2016-06-01/workflowdefinition.json#","contentVersion":"1.0.0.0","parameters":{"$connections":{"defaultValue":{},"type":"Object"},"$authentication":{"defaultValue":{},"type":"SecureObject"}},"triggers":{"When_a_new_to-do_in_a_specific_folder_is_created_(V2)":{"recurrence":{"frequency":"Minute","interval":5},"splitOn":"@triggerOutputs()?['body']","metadata":{"operationMetadataId":"b3455e46-13e0-45fa-8308-e4d1bc937fb3"},"type":"OpenApiConnection","inputs":{"host":{"apiId":"/providers/Microsoft.PowerApps/apis/shared_todo","connectionName":"shared_todo","operationId":"OnNewToDoInFolderV2"},"parameters":{"folderId":"AAMkAGYxNGU5MTEwLWFhOWYtNGJhNC1hZTc2LTg3YjI5MjcyOTA2NQAuAAAAAADJ43aNPfzuRKgwJ7qmb2chAQDTCrII0Q8YS5OTE8DTuTdsAAEoBAL8AAA="},"authentication":"@parameters('$authentication')"},"description":"Right click on an email in Outlook. Click Advanced actions. Click create task."}},"actions":{"Get_my_profile_(V2)":{"runAfter":{},"metadata":{"operationMetadataId":"67abc01a-16a1-4c26-8749-54be792dcf24"},"type":"OpenApiConnection","inputs":{"host":{"apiId":"/providers/Microsoft.PowerApps/apis/shared_office365users","connectionName":"shared_office365users","operationId":"MyProfile_V2"},"parameters":{},"authentication":"@parameters('$authentication')"},"description":"Grabbing my profile so that I can use it to assign the planner task to myself in the create planner task step below."},"Initialize_variable_-_linkToEmail":{"runAfter":{"Initialize_variable_-_emailSubject":["Succeeded"]},"metadata":{"operationMetadataId":"4ce40c50-c9a4-475f-93ac-f5650812e8ae"},"type":"InitializeVariable","inputs":{"variables":[{"name":"linkToEmail","type":"string"}]},"description":"In the parse JSON step below, we will add the link to the email that the to-do was created from as the value to this variable. This variable will then be added to the body of the planner task."},"Parse_JSON":{"runAfter":{"Initialize_variable_-_linkToEmail":["Succeeded"]},"metadata":{"operationMetadataId":"79a4a6d4-53ab-4033-abff-6cc38e404cdd"},"type":"ParseJson","inputs":{"content":"@triggerOutputs()?['body']","schema":{"type":"object","properties":{"@@odata.context":{"type":"string"},"@@odata.etag":{"type":"string"},"importance":{"type":"string"},"isReminderOn":{"type":"boolean"},"status":{"type":"string"},"title":{"type":"string"},"createdDateTime":{"type":"string"},"lastModifiedDateTime":{"type":"string"},"hasAttachments":{"type":"boolean"},"categories":{"type":"array"},"id":{"type":"string"},"linkedResources@odata.context":{"type":"string"},"linkedResources":{"type":"array","items":{"type":"object","properties":{"webUrl":{"type":"string"},"applicationName":{"type":"string"},"displayName":{"type":"string"},"externalId":{"type":"string"},"id":{"type":"string"}},"required":["webUrl","applicationName","displayName","externalId","id"]}},"body":{"type":"object","properties":{"content":{"type":"string"},"contentType":{"type":"string"}}}}}},"description":"Grabbing the link to the email that the to-do was created from. It's in the \"weburl\" part of the JSON. We will add that link to the variable we created above, and then to the body of the task we create in planner."},"Apply_to_each":{"foreach":"@body('Parse_JSON')?['linkedResources']","actions":{"Append_to_string_variable_-_emailDate":{"runAfter":{},"metadata":{"operationMetadataId":"520da0f7-69f1-47b7-864b-88a3ff2917b3"},"type":"AppendToStringVariable","inputs":{"name":"emailDate","value":"@body('Parse_JSON')?['createdDateTime']"}},"Append_to_string_variable_-_linkToEmail":{"runAfter":{"Append_to_string_variable_-_emailSubject":["Succeeded"]},"metadata":{"operationMetadataId":"520da0f7-69f1-47b7-864b-88a3ff2917b3"},"type":"AppendToStringVariable","inputs":{"name":"linkToEmail","value":"@items('Apply_to_each')?['webUrl']"}},"Append_to_string_variable_-_emailSubject":{"runAfter":{"Append_to_string_variable_-_emailId":["Succeeded"]},"metadata":{"operationMetadataId":"a0270476-f173-423c-917f-23100edbfcea"},"type":"AppendToStringVariable","inputs":{"name":"emailSubject","value":"@body('Parse_JSON')?['title']"}},"Append_to_string_variable_-_emailId":{"runAfter":{"Append_to_string_variable_-_emailDate":["Succeeded"]},"metadata":{"operationMetadataId":"d181282b-c7c2-402e-a4fd-516bb1256f81"},"type":"AppendToStringVariable","inputs":{"name":"emailId","value":"@items('Apply_to_each')?['externalId']"}}},"runAfter":{"Parse_JSON":["Succeeded"]},"metadata":{"operationMetadataId":"4981916a-05f2-4d70-ba43-b531c8671160"},"type":"Foreach","description":"Even though there is only one web url, it is stored in an array. So, we have to \"loop\" through the array and convert it to a string that we can use in the body of the planner task."},"Create_a_task":{"runAfter":{"Get_email_(V2)":["Succeeded"]},"metadata":{"operationMetadataId":"933453a7-133d-46ad-b66e-8c7b384a826b"},"type":"OpenApiConnection","inputs":{"host":{"apiId":"/providers/Microsoft.PowerApps/apis/shared_planner","connectionName":"shared_planner","operationId":"CreateTask_V3"},"parameters":{"body/groupId":"ea9b3759-76eb-483e-af0f-92dcf50445c6","body/planId":"PiWsWSrGvUuB_HP_0Re6V2QACjPe","body/title":"@triggerOutputs()?['body/title']","body/bucketId":"bc6ik5s-jE6JPGSt1R5tD2QAOCr7","body/assignments":"@outputs('Get_my_profile_(V2)')?['body/id']"},"authentication":"@parameters('$authentication')"}},"Initialize_variable_-_myMessage":{"runAfter":{"Get_my_profile_(V2)":["Succeeded"]},"metadata":{"operationMetadataId":"b5247edb-f2e1-4fc6-9675-6dfbba1992ac"},"type":"InitializeVariable","inputs":{"variables":[{"name":"myMessage","type":"string","value":"This planner task was generated automatically from a flagged email in Outlook."}]},"description":"Later, this will be added to the notes section of the planner task."},"Initialize_variable_-_emailDate":{"runAfter":{"Initialize_variable_-_emailId":["Succeeded"]},"metadata":{"operationMetadataId":"a077e135-aff8-48c9-b610-6d4f0d1d8c0a"},"type":"InitializeVariable","inputs":{"variables":[{"name":"emailDate","type":"string"}]},"description":"Later, this will be added to the notes section of the planner task."},"Initialize_variable_-_emailSender":{"runAfter":{"Initialize_variable_-_emailDate":["Succeeded"]},"metadata":{"operationMetadataId":"2acd812a-8fab-4290-99ea-e6acdfae0df1"},"type":"InitializeVariable","inputs":{"variables":[{"name":"emailSender","type":"string"}]},"description":"Later, this will be added to the notes section of the planner task."},"Initialize_variable_-_emailSubject":{"runAfter":{"Initialize_variable_-_emailSender":["Succeeded"]},"metadata":{"operationMetadataId":"115fa0d0-ddcf-4dc0-b641-427f88d85c8f"},"type":"InitializeVariable","inputs":{"variables":[{"name":"emailSubject","type":"string"}]},"description":"Later, this will be added to the notes section of the planner task."},"Get_email_(V2)":{"runAfter":{"Apply_to_each":["Succeeded"]},"metadata":{"operationMetadataId":"bfad34c7-993b-48e1-b18c-cf189c712db3"},"type":"OpenApiConnection","inputs":{"host":{"apiId":"/providers/Microsoft.PowerApps/apis/shared_office365","connectionName":"shared_office365","operationId":"GetEmailV2"},"parameters":{"messageId":"@variables('emailId')","includeAttachments":false},"authentication":"@parameters('$authentication')"}},"Initialize_variable_-_emailId":{"runAfter":{"Initialize_variable_-_myMessage":["Succeeded"]},"metadata":{"operationMetadataId":"cde28900-7a45-4d10-923e-255d3693ad94"},"type":"InitializeVariable","inputs":{"variables":[{"name":"emailId","type":"string"}]}},"Update_task_details":{"runAfter":{"Create_a_task":["Succeeded"]},"metadata":{"operationMetadataId":"64f44bdc-6fe7-4cd0-9fca-1cba724638c7"},"type":"OpenApiConnection","inputs":{"host":{"apiId":"/providers/Microsoft.PowerApps/apis/shared_planner","connectionName":"shared_planner","operationId":"UpdateTaskDetails_V2"},"parameters":{"id":"@outputs('Create_a_task')?['body/id']","body/description":"@{variables('myMessage')}\nDate: @{formatDateTime(variables('emailDate'),'yyy-MM-dd')}\nSender: @{outputs('Get_email_(V2)')?['body/from']}\nSubject: @{variables('emailSubject')}","body/references":[{"alias":"Link to Email","resourceLink":"@variables('linkToEmail')","type":"Other"}]},"authentication":"@parameters('$authentication')"}}},"description":"When I flag an email in outlook, this flow will create a planner task. The title of the task will be set to the subject line of the email and the email will be linked as an attachment."},"connectionReferences":{"shared_office365users":{"connectionName":"shared-office365user-702a5c72-d171-4327-9b71-b264caf8a8c2","source":"Embedded","id":"/providers/Microsoft.PowerApps/apis/shared_office365users","tier":"NotSpecified"},"shared_planner":{"connectionName":"shared-planner-03cfbbc4-a393-47c4-a26c-da4824a28901","source":"Embedded","id":"/providers/Microsoft.PowerApps/apis/shared_planner","tier":"NotSpecified"},"shared_office365":{"connectionName":"shared-office365-2ff7f78d-75fa-4059-a634-11ab34a498ff","source":"Embedded","id":"/providers/Microsoft.PowerApps/apis/shared_office365","tier":"NotSpecified"},"shared_todo":{"connectionName":"shared-todo-1b44870c-4624-4449-bf3f-6a4f0ec7d2bd","source":"Embedded","id":"/providers/Microsoft.PowerApps/apis/shared_todo","tier":"NotSpecified"}},"flowFailureAlertSubscribed":false,"isManaged":false}}