{"name":"bf57044d-7362-4acf-94ab-293f1b973254","id":"/providers/Microsoft.Flow/flows/bf57044d-7362-4acf-94ab-293f1b973254","type":"Microsoft.Flow/flows","properties":{"apiId":"/providers/Microsoft.PowerApps/apis/shared_logicflows","displayName":"Prod - Create reminder cards in planner for recurring tasks","definition":{"metadata":{"workflowEntityId":null,"processAdvisorMetadata":null,"flowclientsuspensionreason":"None","flowclientsuspensiontime":null,"flowclientsuspensionreasondetails":null,"creator":{"id":"df291291-9ac9-42c2-a976-062f6e2ad9da","type":"User","tenantId":"7b326d24-41ad-4f57-bc60-89e4a6ac721b"},"provisioningMethod":"FromDefinition","failureAlertSubscription":true,"clientLastModifiedTime":"2023-03-22T14:21:58.8985612Z"},"$schema":"https://schema.management.azure.com/providers/Microsoft.Logic/schemas/2016-06-01/workflowdefinition.json#","contentVersion":"1.0.0.0","parameters":{"$connections":{"defaultValue":{},"type":"Object"},"$authentication":{"defaultValue":{},"type":"SecureObject"}},"triggers":{"Recurrence":{"recurrence":{"frequency":"Day","interval":1,"timeZone":"Central Standard Time","schedule":{"hours":["5"]}},"metadata":{"operationMetadataId":"4293eec2-7375-40ee-a54d-f0089ead282e"},"type":"Recurrence"}},"actions":{"List_my_tasks":{"runAfter":{},"metadata":{"operationMetadataId":"3d90db5a-26cb-46ff-b3b3-c68806542d59"},"type":"OpenApiConnection","inputs":{"host":{"apiId":"/providers/Microsoft.PowerApps/apis/shared_planner","connectionName":"shared_planner","operationId":"ListMyTasks_V2"},"parameters":{},"authentication":"@parameters('$authentication')"}},"Initialize_variable_-_today":{"runAfter":{"Initialize_variable_-_daysUntilDueTest":["Succeeded"]},"metadata":{"operationMetadataId":"e73e7d3c-2a1c-4d9e-ba9a-044221af5cf3"},"type":"InitializeVariable","inputs":{"variables":[{"name":"today","type":"integer","value":"@ticks(convertTimeZone(utcNow(), 'UTC', 'Central Standard Time'))"}]}},"Filter_array_-_Keep_incomplete_tasks_only":{"runAfter":{"Filter_array_-_Keep_tasks_from_Recurring_Tasks_Only":["Succeeded"]},"metadata":{"operationMetadataId":"699eadaa-796f-41b0-beac-11cc34c551c5"},"type":"Query","inputs":{"from":"@body('Filter_array_-_Keep_tasks_from_Recurring_Tasks_Only')","where":"@not(equals(item()?['percentComplete'], 100))"}},"Filter_array_-_Keep_tasks_from_Recurring_Tasks_Only":{"runAfter":{"Initialize_variable_-_filteredTasksWithDueDateArray":["Succeeded"]},"metadata":{"operationMetadataId":"a949bd33-a1cb-4ce2-a692-16ccfc005658"},"type":"Query","inputs":{"from":"@outputs('List_my_tasks')?['body/value']","where":"@equals(item()?['bucketId'], 'IY5nsKORK0CHtJ0QSBwf0GQAATv3')"},"description":"Recurring tasks bucket ID: IY5nsKORK0CHtJ0QSBwf0GQAATv3"},"Apply_to_each_-_Calculate_daysDueDiff_for_each_task":{"foreach":"@variables('filteredTasksWithDueDateArray')","actions":{"Set_variable_-_dateDue":{"runAfter":{},"metadata":{"operationMetadataId":"5303e68f-2f5f-4389-8c6c-ec97458309ee"},"type":"SetVariable","inputs":{"name":"dateDue","value":"@ticks(item()?['dueDateTime'])"},"description":"ticks(item()?['dueDateTime'])"},"Set_variable_-_daysDueDiff":{"runAfter":{"Set_variable_-_dateDue":["Succeeded"]},"metadata":{"operationMetadataId":"4b276619-26d3-4821-bda7-606f985ddc4b"},"type":"SetVariable","inputs":{"name":"daysDueDiff","value":"@div(sub(variables('dateDue'), variables('today')), 864000000000)"},"description":"div(sub(variables('dateDue'), variables('today')), 864000000000)"},"Compose_-_Add_daysDueDiff_property_":{"runAfter":{"Set_variable_-_daysDueDiff":["Succeeded"]},"metadata":{"operationMetadataId":"5952b109-d56e-46ff-b040-243c2f84bb0e"},"type":"Compose","inputs":"@addProperty(item(),'daysDueDiff',variables('daysDueDiff'))","description":"addProperty(item(),'daysDueDiff',variables('daysDueDiff'))"},"Append_to_array_variable_-_tasksDaysDueDiffArray":{"runAfter":{"Compose_-_Add_daysDueDiff_property_":["Succeeded"]},"metadata":{"operationMetadataId":"50318e38-3e03-461d-a6b0-ef63b17303b4"},"type":"AppendToArrayVariable","inputs":{"name":"tasksDaysDueDiffArray","value":"@outputs('Compose_-_Add_daysDueDiff_property_')"}}},"runAfter":{"Initialize_variable_-_tasksDaysDueDiffArray":["Succeeded"]},"metadata":{"operationMetadataId":"993ba037-6df7-41a6-a923-f67fefa3c0b6"},"type":"Foreach"},"Apply_to_each_-_Task_in_tasksDaysDueDiffArray_-_Test_days_criteria":{"foreach":"@variables('tasksDaysDueDiffArray')","actions":{"Condition_-_Test_if_`daysDueDiff`_is_1":{"actions":{"Create_a_task_-_Due_tomorrow":{"runAfter":{},"metadata":{"operationMetadataId":"975e3a7a-128e-4ff0-b1ef-f475f17ecbb1"},"type":"OpenApiConnection","inputs":{"host":{"apiId":"/providers/Microsoft.PowerApps/apis/shared_planner","connectionName":"shared_planner","operationId":"CreateTask_V4"},"parameters":{"body/groupId":"ea9b3759-76eb-483e-af0f-92dcf50445c6","body/planId":"PiWsWSrGvUuB_HP_0Re6V2QACjPe","body/title":"❗️Due Tomorrow Reminder: @{items('Apply_to_each_-_Task_in_tasksDaysDueDiffArray_-_Test_days_criteria')?['title']}","body/bucketId":"xaoNriRG_UCzT5MHpu3hzGQAAPMn","body/dueDateTime":"@convertTimeZone(utcNow(), 'UTC', 'Central Standard Time')","body/assignments":"@outputs('Get_my_profile_(V2)')?['body/id']"},"authentication":"@parameters('$authentication')"}},"Update_task_details_-_Due_tomorrow":{"runAfter":{"Create_a_task_-_Due_tomorrow":["Succeeded"]},"metadata":{"operationMetadataId":"30dd6472-8564-4a1d-b61b-5b5aba93d14d"},"type":"OpenApiConnection","inputs":{"host":{"apiId":"/providers/Microsoft.PowerApps/apis/shared_planner","connectionName":"shared_planner","operationId":"UpdateTaskDetails_V2"},"parameters":{"id":"@outputs('Create_a_task_-_Due_tomorrow')?['body/id']","body/description":"@variables('reminderDescription')","body/references":[{"alias":"Link to task","resourceLink":"@concat('https://tasks.office.com/uthtmc.onmicrosoft.com/Home/Task/',item()?['id'])"}]},"authentication":"@parameters('$authentication')"},"description":"concat('https://tasks.office.com/uthtmc.onmicrosoft.com/Home/Task/',item()?['id'])"}},"runAfter":{},"else":{"actions":{"Condition_-_Test_if_`daysDueDiff`_is_equal_to_`daysUntilDueTest`":{"actions":{"Create_a_task_-_Due_in_daysUntilDueTest_days":{"runAfter":{},"metadata":{"operationMetadataId":"80744129-a17b-4df3-940c-0e10ffae2202"},"type":"OpenApiConnection","inputs":{"host":{"apiId":"/providers/Microsoft.PowerApps/apis/shared_planner","connectionName":"shared_planner","operationId":"CreateTask_V4"},"parameters":{"body/groupId":"ea9b3759-76eb-483e-af0f-92dcf50445c6","body/planId":"PiWsWSrGvUuB_HP_0Re6V2QACjPe","body/title":"Due in @{variables('daysUntilDueTest')} Days Reminder: @{items('Apply_to_each_-_Task_in_tasksDaysDueDiffArray_-_Test_days_criteria')?['title']}","body/bucketId":"xaoNriRG_UCzT5MHpu3hzGQAAPMn","body/dueDateTime":"@convertTimeZone(utcNow(), 'UTC', 'Central Standard Time')","body/assignments":"@outputs('Get_my_profile_(V2)')?['body/id']"},"authentication":"@parameters('$authentication')"}},"Update_task_details_-_Due_in_daysUntilDueTest_days":{"runAfter":{"Create_a_task_-_Due_in_daysUntilDueTest_days":["Succeeded"]},"metadata":{"operationMetadataId":"0597bb8d-5936-4113-a74c-d52334faa0d3"},"type":"OpenApiConnection","inputs":{"host":{"apiId":"/providers/Microsoft.PowerApps/apis/shared_planner","connectionName":"shared_planner","operationId":"UpdateTaskDetails_V2"},"parameters":{"id":"@outputs('Create_a_task_-_Due_in_daysUntilDueTest_days')?['body/id']","body/description":"@variables('reminderDescription')","body/references":[{"alias":"Link to task","resourceLink":"@concat('https://tasks.office.com/uthtmc.onmicrosoft.com/Home/Task/',item()?['id'])"}]},"authentication":"@parameters('$authentication')"}}},"runAfter":{},"expression":{"equals":["@item()?['daysDueDiff']","@variables('daysUntilDueTest')"]},"metadata":{"operationMetadataId":"ca23a139-871e-4210-adeb-163785a3a267"},"type":"If","description":"item()?['daysDueDiff']"}}},"expression":{"equals":["",1]},"metadata":{"operationMetadataId":"455f5cb1-d10a-4711-ad0d-c0e342f0e69c"},"type":"If","description":"item()?['daysDueDiff']"}},"runAfter":{"Initialize_variable_-_reminderDescription":["Succeeded"]},"metadata":{"operationMetadataId":"c42b7dec-297d-46a7-b2e6-371b125b8994"},"type":"Foreach"},"Get_my_profile_(V2)":{"runAfter":{"Compose_-_Data_check:_Number_of_tasks":["Succeeded"]},"metadata":{"operationMetadataId":"ab8ec269-a35e-49fb-9bb4-39eea4a6578b"},"type":"OpenApiConnection","inputs":{"host":{"apiId":"/providers/Microsoft.PowerApps/apis/shared_office365users","connectionName":"shared_office365users","operationId":"MyProfile_V2"},"parameters":{},"authentication":"@parameters('$authentication')"},"description":"We will use this later to assign the reminder task to me."},"Compose_-_Data_check:_Length_of_tasksDaysDueDiffArray":{"runAfter":{"Compose_-_Data_check:_View_tasksDaysDueDiffArray":["Succeeded"]},"metadata":{"operationMetadataId":"d36c91ed-7500-477b-b97c-6244434126b9"},"type":"Compose","inputs":"@length(variables('tasksDaysDueDiffArray'))"},"Compose_-_Data_check:_View_filteredTasksWithDueDateArray":{"runAfter":{"Set_variable_-_filteredTasksWithDueDateArray":["Succeeded"]},"metadata":{"operationMetadataId":"d23b7982-ff36-4f38-8e43-8c16ec23b290"},"type":"Compose","inputs":"@variables('filteredTasksWithDueDateArray')"},"Compose_-_Data_check:_Length_of_filteredTasksWithDueDateArray":{"runAfter":{"Compose_-_Data_check:_View_filteredTasksWithDueDateArray":["Succeeded"]},"metadata":{"operationMetadataId":"7b1d3264-9e7a-483a-bdfa-cc979aa10e4a"},"type":"Compose","inputs":"@length(variables('filteredTasksWithDueDateArray'))"},"Compose_-_Data_check:_View_tasksDaysDueDiffArray":{"runAfter":{"Apply_to_each_-_Calculate_daysDueDiff_for_each_task":["Succeeded"]},"metadata":{"operationMetadataId":"307725c9-d494-4dda-8877-f180d5ab02f3"},"type":"Compose","inputs":"@variables('tasksDaysDueDiffArray')"},"Initialize_variable_-_filteredTasksWithDueDateArray":{"runAfter":{"Initialize_variable_-_today":["Succeeded"]},"metadata":{"operationMetadataId":"4dc46f83-8288-4274-b654-16806ae6fd24"},"type":"InitializeVariable","inputs":{"variables":[{"name":"filteredTasksWithDueDateArray","type":"array"}]}},"Set_variable_-_filteredTasksWithDueDateArray":{"runAfter":{"Filter_array_-_Keep_incomplete_tasks_only":["Succeeded"]},"metadata":{"operationMetadataId":"a1cafd27-f04a-4883-95b9-7c01bd472a7c"},"type":"SetVariable","inputs":{"name":"filteredTasksWithDueDateArray","value":"@body('Filter_array_-_Keep_incomplete_tasks_only')"}},"Initialize_variable_-_dateDue":{"runAfter":{"Compose_-_Data_check:_Length_of_filteredTasksWithDueDateArray":["Succeeded"]},"metadata":{"operationMetadataId":"11febc36-ed6d-483b-8c6a-9a758d4bd36d"},"type":"InitializeVariable","inputs":{"variables":[{"name":"dateDue","type":"integer"}]}},"Initialize_variable_-_daysDueDiff":{"runAfter":{"Initialize_variable_-_dateDue":["Succeeded"]},"metadata":{"operationMetadataId":"9e37f9c4-57b0-461d-94bc-48d8696c44af"},"type":"InitializeVariable","inputs":{"variables":[{"name":"daysDueDiff","type":"integer"}]}},"Initialize_variable_-_tasksDaysDueDiffArray":{"runAfter":{"Initialize_variable_-_daysDueDiff":["Succeeded"]},"metadata":{"operationMetadataId":"549fdeab-b517-47d5-8012-f3889333b24c"},"type":"InitializeVariable","inputs":{"variables":[{"name":"tasksDaysDueDiffArray","type":"array"}]}},"Initialize_variable_-_daysUntilDueTest":{"runAfter":{"Get_my_profile_(V2)":["Succeeded"]},"metadata":{"operationMetadataId":"4284a38d-4706-4ead-9f36-944bcfcb2776"},"type":"InitializeVariable","inputs":{"variables":[{"name":"daysUntilDueTest","type":"integer","value":7}]}},"Compose_-_Data_check:_Number_of_tasks":{"runAfter":{"List_my_tasks":["Succeeded"]},"metadata":{"operationMetadataId":"ccf6dd04-40c0-4c17-9f5b-abb230bd8e91"},"type":"Compose","inputs":"@length(outputs('List_my_tasks')?['body/value'])"},"Initialize_variable_-_reminderDescription":{"runAfter":{"Compose_-_Data_check:_Length_of_tasksDaysDueDiffArray":["Succeeded"]},"metadata":{"operationMetadataId":"5c64ef28-bdbc-4be6-949c-8423fd2d3821"},"type":"InitializeVariable","inputs":{"variables":[{"name":"reminderDescription","type":"string","value":"This reminder task was automatically generated by a Power Automate flow.\nTask bucket: ♻️Recurring"}]},"description":"We add this to the reminder task notes section below."}},"description":"Each day at 5:00 AM, this flow calculates the number of days until due and the number of days since creation for each Planner task in SPH Cannell Private/Cannell Tasks/♻️Recurring. It creates a reminder task in SPH Cannell Private/Cannell Tasks/🙋‍♂️ Reminders if the task is due tomorrow or due in 7 days."},"connectionReferences":{"shared_planner":{"connectionName":"shared-planner-03cfbbc4-a393-47c4-a26c-da4824a28901","source":"Embedded","id":"/providers/Microsoft.PowerApps/apis/shared_planner","tier":"NotSpecified"},"shared_office365users":{"connectionName":"shared-office365user-702a5c72-d171-4327-9b71-b264caf8a8c2","source":"Embedded","id":"/providers/Microsoft.PowerApps/apis/shared_office365users","tier":"NotSpecified"}},"flowFailureAlertSubscribed":false,"isManaged":false}}