{"name":"4e52687f-d44c-4d42-a802-c26c67c7ab68","id":"/providers/Microsoft.Flow/flows/4e52687f-d44c-4d42-a802-c26c67c7ab68","type":"Microsoft.Flow/flows","properties":{"apiId":"/providers/Microsoft.PowerApps/apis/shared_logicflows","displayName":"Prod - When a new response is submitted - Add to List - Student Affairs Team","definition":{"metadata":{"workflowEntityId":null,"processAdvisorMetadata":null,"flowclientsuspensionreason":"None","flowclientsuspensiontime":null,"flowclientsuspensionreasondetails":null,"creator":{"id":"df291291-9ac9-42c2-a976-062f6e2ad9da","type":"User","tenantId":"7b326d24-41ad-4f57-bc60-89e4a6ac721b"},"provisioningMethod":"FromDefinition","failureAlertSubscription":true,"clientLastModifiedTime":"2023-02-26T03:03:09.2517617Z"},"$schema":"https://schema.management.azure.com/providers/Microsoft.Logic/schemas/2016-06-01/workflowdefinition.json#","contentVersion":"1.0.0.0","parameters":{"$connections":{"defaultValue":{},"type":"Object"},"$authentication":{"defaultValue":{},"type":"SecureObject"}},"triggers":{"When_a_new_response_is_submitted":{"splitOn":"@triggerOutputs()?['body/value']","metadata":{"operationMetadataId":"f0298203-1efe-40e4-a0ed-3469db5d112a"},"type":"OpenApiConnectionWebhook","inputs":{"host":{"apiId":"/providers/Microsoft.PowerApps/apis/shared_microsoftforms","connectionName":"shared_microsoftforms","operationId":"CreateFormWebhook"},"parameters":{"form_id":"JG0ye61BV0-8YInkpqxyG71AiY1PcFFApnv5JfiYoF1UOUIwUDJNUEdGSkFCVjM1WlIwQjNYN1dXTCQlQCN0PWcu"},"authentication":"@parameters('$authentication')"}}},"actions":{"Compose_-_Data_Check:_What_is_in_the_body_of_the_response":{"runAfter":{},"metadata":{"operationMetadataId":"1a3e1036-a1b0-4877-91c6-0ac3051818a4"},"type":"Compose","inputs":"@triggerOutputs()?['body']"},"Get_response_details":{"runAfter":{"Compose_-_Data_Check:_What_is_in_the_body_of_the_response":["Succeeded"]},"metadata":{"operationMetadataId":"525afd00-d84d-4c3a-bddb-c889e1cfc00e"},"type":"OpenApiConnection","inputs":{"host":{"apiId":"/providers/Microsoft.PowerApps/apis/shared_microsoftforms","connectionName":"shared_microsoftforms","operationId":"GetFormResponseById"},"parameters":{"form_id":"JG0ye61BV0-8YInkpqxyG71AiY1PcFFApnv5JfiYoF1UOUIwUDJNUEdGSkFCVjM1WlIwQjNYN1dXTCQlQCN0PWcu","response_id":"@triggerOutputs()?['body/resourceData/responseId']"},"authentication":"@parameters('$authentication')"}},"Create_item":{"runAfter":{"Get_response_details":["Succeeded"]},"metadata":{"operationMetadataId":"14f873a5-4732-4e4d-bc59-8c79d0fad29c"},"type":"OpenApiConnection","inputs":{"host":{"apiId":"/providers/Microsoft.PowerApps/apis/shared_sharepointonline","connectionName":"shared_sharepointonline","operationId":"PostItem"},"parameters":{"dataset":"https://uthtmc.sharepoint.com/sites/SPHDallasStudentAffairsPrivate","table":"8632166b-4d4f-4cb2-9bee-624595f5e6c4","item/Title":"@triggerOutputs()?['body/resourceData/responseId']","item/ResponseDate":"@convertTimeZone(outputs('Get_response_details')?['body/submitDate'], 'UTC', 'Central Standard Time')","item/Teammember/Claims":"@outputs('Get_response_details')?['body/responder']","item/How_x0020_are_x0020_you_x0020_do":"@outputs('Get_response_details')?['body/rddb4e9744bcd49a7b6c08a3e2b9c0970']","item/What_x0020_are_x0020_you_x0020_w":"@outputs('Get_response_details')?['body/r21df09ec9ead423684be55091376ea24']","item/What_x0020_is_x0020_your_x0020_g":"@outputs('Get_response_details')?['body/rc1981343283f4b4eb774cdeece0375a3']","item/What_x0020_challenges_x0020__x00":"@outputs('Get_response_details')?['body/rcec1a7c7a5f143cb8383936bf6b8bf5e']","item/Using_x0020_a_x0020_percentage_x":"@outputs('Get_response_details')?['body/rfe6b8c34913c4fd29263132e22227c0a']","item/Do_x0020_you_x0020_have_x0020_en/Value":"@outputs('Get_response_details')?['body/rd93853b6776e460b8d1133dbc59f6e93']","item/WhatcanIdotosupportyourightnow_x":"@outputs('Get_response_details')?['body/r2088a657211242e7adcfadbfc793d708']"},"authentication":"@parameters('$authentication')"}},"Send_an_email_(V2)":{"runAfter":{"Create_item":["Succeeded"]},"metadata":{"operationMetadataId":"27149d87-078f-49d5-8168-42ab1121ece6"},"type":"OpenApiConnection","inputs":{"host":{"apiId":"/providers/Microsoft.PowerApps/apis/shared_office365","connectionName":"shared_office365","operationId":"SendEmailV2"},"parameters":{"emailMessage/To":"Michael.B.Cannell@uth.tmc.edu","emailMessage/Subject":"Weekly check-in follow-up","emailMessage/Body":"<style>\n.question-text {\n  font-size: 14pt;\n  font-weight: bold;\n}\n</style>\n\n<p>New check-in response from @{outputs('Create_item')?['body/Teammember/DisplayName']}</p>\n<br>\n\n<p class=\"question-text\">How are you doing?</p>\n<p>@{outputs('Create_item')?['body/How_x0020_are_x0020_you_x0020_do']}</p>\n\n<p class=\"question-text\">What are you working on this week?</p>\n<p>@{outputs('Create_item')?['body/What_x0020_are_x0020_you_x0020_w']}</p>\n\n<p class=\"question-text\">What are your goals this week?</p>\n<p>@{outputs('Create_item')?['body/What_x0020_is_x0020_your_x0020_g']}</p>\n\n<p class=\"question-text\">What challenges (if any) are you facing this week?</p>\n<p>@{outputs('Create_item')?['body/What_x0020_challenges_x0020__x00']}</p>\n\n<p class=\"question-text\">Using a percentage, how full is your plate right now?</p>\n<p>@{outputs('Create_item')?['body/Using_x0020_a_x0020_percentage_x']}</p>\n\n<p class=\"question-text\">Do you have enough support right now?</p>\n<p>@{outputs('Create_item')?['body/Do_x0020_you_x0020_have_x0020_en/Value']}</p>\n\n<p class=\"question-text\">What can I do to support you right now, or what kind of support do you need?</p>\n<p>@{outputs('Create_item')?['body/WhatcanIdotosupportyourightnow_x']}</p>","emailMessage/Importance":"Normal"},"authentication":"@parameters('$authentication')"}}},"description":"When a new response is submitted to the Student Affairs Team Weekly Check-in Form - Add the response information to a SharePoint List.\nAlso sends Brad an email with responses."},"connectionReferences":{"shared_microsoftforms":{"connectionName":"shared-microsoftform-05919dc9-8082-49dd-8a34-9e2c5708f122","source":"Embedded","id":"/providers/Microsoft.PowerApps/apis/shared_microsoftforms","tier":"NotSpecified"},"shared_sharepointonline":{"connectionName":"shared-sharepointonl-9e4c7398-6c8e-46a6-b2e8-dcdd23af0b31","source":"Embedded","id":"/providers/Microsoft.PowerApps/apis/shared_sharepointonline","tier":"NotSpecified"},"shared_office365":{"connectionName":"shared-office365-2ff7f78d-75fa-4059-a634-11ab34a498ff","source":"Embedded","id":"/providers/Microsoft.PowerApps/apis/shared_office365","tier":"NotSpecified"}},"flowFailureAlertSubscribed":false,"isManaged":false}}