{"name":"c7dceee7-5e77-44b1-9996-97861bf04423","id":"/providers/Microsoft.Flow/flows/c7dceee7-5e77-44b1-9996-97861bf04423","type":"Microsoft.Flow/flows","properties":{"apiId":"/providers/Microsoft.PowerApps/apis/shared_logicflows","displayName":"Prod - Weekly check-in emails research team","definition":{"metadata":{"workflowEntityId":null,"processAdvisorMetadata":null,"flowclientsuspensionreason":"None","flowclientsuspensiontime":null,"flowclientsuspensionreasondetails":null,"creator":{"id":"df291291-9ac9-42c2-a976-062f6e2ad9da","type":"User","tenantId":"7b326d24-41ad-4f57-bc60-89e4a6ac721b"},"provisioningMethod":"FromDefinition","failureAlertSubscription":true,"clientLastModifiedTime":"2023-02-19T22:33:28.6043074Z"},"$schema":"https://schema.management.azure.com/providers/Microsoft.Logic/schemas/2016-06-01/workflowdefinition.json#","contentVersion":"1.0.0.0","parameters":{"$connections":{"defaultValue":{},"type":"Object"},"$authentication":{"defaultValue":{},"type":"SecureObject"}},"triggers":{"Recurrence":{"recurrence":{"frequency":"Week","interval":1,"timeZone":"Central Standard Time","startTime":"2023-02-14T19:30:00.000Z","schedule":{"weekDays":["Wednesday"],"hours":["13"],"minutes":[30]}},"metadata":{"operationMetadataId":"f8e0e975-c3ec-47ad-bb5a-799be3b2c140"},"type":"Recurrence"}},"actions":{"Get_items_-_Email_addresses":{"runAfter":{},"metadata":{"operationMetadataId":"d7256eea-991a-4b06-a194-5d94488aee83"},"type":"OpenApiConnection","inputs":{"host":{"apiId":"/providers/Microsoft.PowerApps/apis/shared_sharepointonline","connectionName":"shared_sharepointonline","operationId":"GetItems"},"parameters":{"dataset":"https://uthtmc.sharepoint.com/sites/SPHCannellResearch","table":"5c2ba8fb-d757-48c1-b4cc-77e07c916bee","viewScopeOption":"RecursiveAll","$filter":"Check_x002d_in eq 'Yes'"},"authentication":"@parameters('$authentication')"}},"Apply_to_each_-_Row_of_the_team_directory_list":{"foreach":"@outputs('Get_items_-_Email_addresses')?['body/value']","actions":{"Compose_-_Data_check:_Names":{"runAfter":{},"metadata":{"operationMetadataId":"1d2e835e-908c-43aa-9473-9aa4234a951a"},"type":"Compose","inputs":"@items('Apply_to_each_-_Row_of_the_team_directory_list')?['Title']"},"Send_an_email_(V2)":{"runAfter":{"Compose_-_Data_check:_Names":["Succeeded"]},"metadata":{"operationMetadataId":"e9cbfcd6-b1d6-47e0-9d82-3271aa7ab482"},"type":"OpenApiConnection","inputs":{"host":{"apiId":"/providers/Microsoft.PowerApps/apis/shared_office365","connectionName":"shared_office365","operationId":"SendEmailV2"},"parameters":{"emailMessage/To":"@items('Apply_to_each_-_Row_of_the_team_directory_list')?['Profile/Email']","emailMessage/Subject":"Weekly Check-in","emailMessage/Body":"<style>\r  \n  .form-link {\r    \n    text-align: center;\r    \n    padding: 8px 12px;\r    \n    font-size: 14px;\r    \n    color: #ffffff;\r    \n    text-decoration: none;\r    \n    font-weight: bold;\r \n    margin: auto;\n    display: inline-block;\r  \n  }\r  \r  \n  .form-btn-td {\r    \n    border-radius: 5px;\r  \n  }\n\r</style>\n\n<p>Good afternoon, @{items('Apply_to_each_-_Row_of_the_team_directory_list')?['Title']}! <br>\n<br>\nI would appreciate it if you would use the blue button below to check in by the end of the day and let me know how your week is going. It's only 6 questions and shouldn't take more than a couple of minutes.<br>\n<be>\n\n<table width=\"100%\" cellspacing=\"0\" cellpadding=\"0\">\r  \n  <tr>\r    \n    <td align=\"center\">\r      \n      <table cellspacing=\"3\" cellpadding=\"3\">\r        \n        <tr>\r          \n          <td class=\"form-btn-td\" bgcolor=\"#1281ee\">\r            \n            <a class=\"form-link\" href=\"https://forms.office.com/Pages/ResponsePage.aspx?id=JG0ye61BV0-8YInkpqxyG8z39yWCm1tOvRvt05WVrJ1UMU1PRVg4WjlDN1g3V1ZITEJBMVMyS0ZJUSQlQCN0PWcu\" target=\"_blank\">Check In</a>\r          \n          </td>\r        \n        </tr>\r      \n      </table>\r    \n    </td>\r  \n  </tr>\n\r</table>\n\n<br>\nThank you!<br>\nBrad&nbsp;</p>","emailMessage/Importance":"Normal"},"authentication":"@parameters('$authentication')"}}},"runAfter":{"Compose_-_Data_check:_What's_in_'value'":["Succeeded"]},"metadata":{"operationMetadataId":"7c00d1fb-9f59-4101-85df-cb9cb8d98c1a"},"type":"Foreach"},"Compose_-_Data_check:_What's_in_'value'":{"runAfter":{"Get_items_-_Email_addresses":["Succeeded"]},"metadata":{"operationMetadataId":"7ebb07a9-eae5-41d2-a7c4-600e7fceca9b"},"type":"Compose","inputs":"@outputs('Get_items_-_Email_addresses')?['body/value']"}},"description":"Each week, this flow sends out an email to team members asking them to complete a check-in using Microsoft Forms."},"connectionReferences":{"shared_sharepointonline":{"connectionName":"shared-sharepointonl-9e4c7398-6c8e-46a6-b2e8-dcdd23af0b31","source":"Embedded","id":"/providers/Microsoft.PowerApps/apis/shared_sharepointonline","tier":"NotSpecified"},"shared_office365":{"connectionName":"shared-office365-2ff7f78d-75fa-4059-a634-11ab34a498ff","source":"Embedded","id":"/providers/Microsoft.PowerApps/apis/shared_office365","tier":"NotSpecified"}},"flowFailureAlertSubscribed":false,"isManaged":false}}