{"name":"76a41006-7e69-45cf-9bcb-7344c9973bc3","id":"/providers/Microsoft.Flow/flows/76a41006-7e69-45cf-9bcb-7344c9973bc3","type":"Microsoft.Flow/flows","properties":{"apiId":"/providers/Microsoft.PowerApps/apis/shared_logicflows","displayName":"Prod - Weekly check-in emails student affairs team","definition":{"metadata":{"workflowEntityId":null,"processAdvisorMetadata":null,"flowclientsuspensionreason":"None","flowclientsuspensiontime":null,"flowclientsuspensionreasondetails":null,"creator":{"id":"df291291-9ac9-42c2-a976-062f6e2ad9da","type":"User","tenantId":"7b326d24-41ad-4f57-bc60-89e4a6ac721b"},"provisioningMethod":"FromDefinition","failureAlertSubscription":true,"clientLastModifiedTime":"2023-02-14T16:50:51.9858314Z"},"$schema":"https://schema.management.azure.com/providers/Microsoft.Logic/schemas/2016-06-01/workflowdefinition.json#","contentVersion":"1.0.0.0","parameters":{"$connections":{"defaultValue":{},"type":"Object"},"$authentication":{"defaultValue":{},"type":"SecureObject"}},"triggers":{"Recurrence":{"recurrence":{"frequency":"Week","interval":1,"startTime":"2023-02-14T19:30:00.000Z","schedule":{"weekDays":["Tuesday"]}},"metadata":{"operationMetadataId":"f8e0e975-c3ec-47ad-bb5a-799be3b2c140"},"type":"Recurrence"}},"actions":{"Get_items_-_Email_addresses":{"runAfter":{},"metadata":{"operationMetadataId":"d7256eea-991a-4b06-a194-5d94488aee83"},"type":"OpenApiConnection","inputs":{"host":{"apiId":"/providers/Microsoft.PowerApps/apis/shared_sharepointonline","connectionName":"shared_sharepointonline","operationId":"GetItems"},"parameters":{"dataset":"https://uthtmc.sharepoint.com/sites/SPHDallasStudentAffairsPrivate","table":"26a4183a-d0da-426e-9d8f-396678d3ff4f"},"authentication":"@parameters('$authentication')"}},"Apply_to_each_-_Row_of_the_team_directory_list":{"foreach":"@outputs('Get_items_-_Email_addresses')?['body/value']","actions":{"Compose_-_Data_check:_Names":{"runAfter":{},"metadata":{"operationMetadataId":"1d2e835e-908c-43aa-9473-9aa4234a951a"},"type":"Compose","inputs":"@items('Apply_to_each_-_Row_of_the_team_directory_list')?['Title']"},"Send_an_email_(V2)":{"runAfter":{"Compose_-_Data_check:_Names":["Succeeded"]},"metadata":{"operationMetadataId":"e9cbfcd6-b1d6-47e0-9d82-3271aa7ab482"},"type":"OpenApiConnection","inputs":{"host":{"apiId":"/providers/Microsoft.PowerApps/apis/shared_office365","connectionName":"shared_office365","operationId":"SendEmailV2"},"parameters":{"emailMessage/To":"@items('Apply_to_each_-_Row_of_the_team_directory_list')?['Profile/Email']","emailMessage/Subject":"Weekly Check-in","emailMessage/Body":"<style>\n  .form-link {\n    text-align: center;\n  }\n</style>\n\n<p>Good afternoon, @{items('Apply_to_each_-_Row_of_the_team_directory_list')?['Title']}! <br>\n<br>\nI would appreciate it if you would use the following link to check in really quickly and let me know how your week is going. It's only 6 questions and shouldn't take more than a couple of minutes.<br>\n<be>\n<div class=\"form-link\">\n<a href=\"https://forms.office.com/Pages/ResponsePage.aspx?id=JG0ye61BV0-8YInkpqxyG71AiY1PcFFApnv5JfiYoF1UOUIwUDJNUEdGSkFCVjM1WlIwQjNYN1dXTCQlQCN0PWcu\">Click here to check in</a>\n</div>\n<br>\nThank you!<br>\nBrad&nbsp;</p>","emailMessage/Importance":"Normal"},"authentication":"@parameters('$authentication')"}}},"runAfter":{"Compose_-_Data_check:_What's_in_'value'":["Succeeded"]},"metadata":{"operationMetadataId":"7c00d1fb-9f59-4101-85df-cb9cb8d98c1a"},"type":"Foreach"},"Compose_-_Data_check:_What's_in_'value'":{"runAfter":{"Get_items_-_Email_addresses":["Succeeded"]},"metadata":{"operationMetadataId":"7ebb07a9-eae5-41d2-a7c4-600e7fceca9b"},"type":"Compose","inputs":"@outputs('Get_items_-_Email_addresses')?['body/value']"}},"description":"Each week, the flow sends out an email to my team members asking them to create a check-in form we created in Microsoft Forms."},"connectionReferences":{"shared_sharepointonline":{"connectionName":"shared-sharepointonl-9e4c7398-6c8e-46a6-b2e8-dcdd23af0b31","source":"Embedded","id":"/providers/Microsoft.PowerApps/apis/shared_sharepointonline","tier":"NotSpecified"},"shared_office365":{"connectionName":"shared-office365-2ff7f78d-75fa-4059-a634-11ab34a498ff","source":"Embedded","id":"/providers/Microsoft.PowerApps/apis/shared_office365","tier":"NotSpecified"}},"flowFailureAlertSubscribed":false,"isManaged":false}}