{"name":"40ee45b0-edd5-4ee7-a12a-d44d51f6fe99","id":"/providers/Microsoft.Flow/flows/40ee45b0-edd5-4ee7-a12a-d44d51f6fe99","type":"Microsoft.Flow/flows","properties":{"apiId":"/providers/Microsoft.PowerApps/apis/shared_logicflows","displayName":"Prod - Send a daily email of incomplete Planner tasks with no due date","definition":{"metadata":{"workflowEntityId":null,"processAdvisorMetadata":null,"flowclientsuspensionreason":"None","flowclientsuspensiontime":null,"flowclientsuspensionreasondetails":null,"creator":{"id":"df291291-9ac9-42c2-a976-062f6e2ad9da","type":"User","tenantId":"7b326d24-41ad-4f57-bc60-89e4a6ac721b"},"provisioningMethod":"FromDefinition","failureAlertSubscription":true,"clientLastModifiedTime":"2023-01-22T21:46:01.0620419Z"},"$schema":"https://schema.management.azure.com/providers/Microsoft.Logic/schemas/2016-06-01/workflowdefinition.json#","contentVersion":"1.0.0.0","parameters":{"$connections":{"defaultValue":{},"type":"Object"},"$authentication":{"defaultValue":{},"type":"SecureObject"}},"triggers":{"Recurrence":{"recurrence":{"frequency":"Day","interval":1,"timeZone":"Central Standard Time","startTime":"2022-10-07T00:00:00Z","schedule":{"hours":["1"]}},"metadata":{"operationMetadataId":"c924680a-de3c-412f-a894-092cbd82f59a"},"type":"Recurrence"}},"actions":{"List_my_tasks":{"runAfter":{},"metadata":{"flowSystemMetadata":{"swaggerOperationId":"ListMyTasks_V2"},"operationMetadataId":"31f10dc0-14d5-4356-a0dc-fce795e33426"},"type":"ApiConnection","inputs":{"host":{"connection":{"name":"@parameters('$connections')['shared_planner']['connectionId']"},"api":{"runtimeUrl":"https://flow-apim-msmanaged-na-northcentralus-01.azure-apim.net/apim/planner"}},"method":"get","path":"/v1.0/me/planner/tasks","authentication":"@parameters('$authentication')"}},"Filter_array_-_Keep_incomplete_tasks_from_the_WIP_bucket_only":{"runAfter":{"Initialize_variable_-_To_store_new_array_of_tasks_-_myTasksWIP":["Succeeded"]},"metadata":{"operationMetadataId":"aec6daeb-7b27-435a-a90b-aca05e762ec0"},"type":"Query","inputs":{"from":"@body('List_my_tasks')?['value']","where":"@and(not(equals(item()?['percentComplete'], int(100))),equals(item()?['bucketId'], 'RMg-ppHpJU-KwvzwdcCvImQAP17S'))"},"description":"WIP bucket ID: RMg-ppHpJU-KwvzwdcCvImQAP17S"},"Create_HTML_table_-_WIP_bucket_tasks":{"runAfter":{"Select_-_Content_for_WIP_bucket_table":["Succeeded"]},"metadata":{"operationMetadataId":"023a2606-c9af-458f-829d-020b28bfd2aa"},"type":"Table","inputs":{"from":"@body('Select_-_Content_for_WIP_bucket_table')","format":"HTML"}},"Select_-_Content_for_WIP_bucket_table":{"runAfter":{"SortArray_2":["Succeeded"]},"metadata":{"operationMetadataId":"03ec70be-9ab5-4ede-96ea-a8b0c4376b4c"},"type":"Select","inputs":{"from":"@variables('myTasksWIPSorted')","select":{"Title":"@item()['title']","Bucket":"👨‍💻WIP - NO DUE DATE","Elapsed Days":"@item()?['createdDateTime']"}}},"Filter_array_-_Keep_incomplete_tasks_from_the_Next_bucket_only":{"runAfter":{"Initialize_variable_-_To_store_new_array_of_tasks_-_myTasksNext":["Succeeded"]},"metadata":{"operationMetadataId":"699eadaa-796f-41b0-beac-11cc34c551c5"},"type":"Query","inputs":{"from":"@body('List_my_tasks')?['value']","where":"@and(not(equals(item()?['percentComplete'], int(100))),equals(item()?['bucketId'], '_KbUQquhCEqEEQ7bPlEOD2QAGz1F'))"},"description":"Next buck ID: _KbUQquhCEqEEQ7bPlEOD2QAGz1F"},"Select_-_Content_for_Next_bucket_table":{"runAfter":{"SortArray":["Succeeded"]},"metadata":{"operationMetadataId":"2b0f5d1d-6a51-4fb2-89b5-e3af277bca80"},"type":"Select","inputs":{"from":"@variables('myTasksNextSorted')","select":{"Title":"@item()?['title']","Bucket":"🔜NEXT - NO DUE DATE","Elapsed Days":"@item()?['createdDateTime']"}}},"Create_HTML_table_-_Next_bucket_tasks":{"runAfter":{"Select_-_Content_for_Next_bucket_table":["Succeeded"]},"metadata":{"operationMetadataId":"62a63cd0-07de-42a9-88db-97ff6813dc08"},"type":"Table","inputs":{"from":"@body('Select_-_Content_for_Next_bucket_table')","format":"HTML"}},"Send_an_email_(V2)":{"runAfter":{"Create_HTML_table_-_Next_bucket_tasks":["Succeeded"],"Create_HTML_table_-_WIP_bucket_tasks":["Succeeded"]},"metadata":{"operationMetadataId":"f92b1bd6-81a1-4d55-8c97-4217c77fb7d3","flowSystemMetadata":{"swaggerOperationId":"SendEmailV2"}},"type":"ApiConnection","inputs":{"host":{"connection":{"name":"@parameters('$connections')['shared_office365']['connectionId']"},"api":{"runtimeUrl":"https://flow-apim-msmanaged-na-eastus-01.azure-apim.net/apim/office365"}},"method":"post","body":{"To":"Michael.B.Cannell@uth.tmc.edu","Subject":"Incomplete plannner tasks with no due dates","Body":"<html>\n<head>\n  <style> \ntable {\n    font-family: \"Times New Roman\", Times, serif;\n    border-collapse: collapse;\n    width: 100%;\n}\ntd, th {\n    border: 1px solid #ddd;\n    padding: 4px;\n}\ntr:nth-child(even){background-color: #f2f2f2;}\nth {\n    padding-top: 8px;\n    padding-bottom: 8px;\n    text-align: left;\n    background-color: #3399ff;\n    color: white;\n}\n  </style>\n</head>\n<body>\n<p>Good morning, Brad!</p> \n<p>Here is a list of your incomplete tasks with no due dates:</p>\n@{body('Create_HTML_table_-_WIP_bucket_tasks')}\n</br>\n@{body('Create_HTML_table_-_Next_bucket_tasks')}\n</body>\n</html>","Importance":"Normal"},"path":"/v2/Mail","authentication":"@parameters('$authentication')"}},"Initialize_variable_-_Today's_date_in_ticks":{"runAfter":{"List_my_tasks":["Succeeded"]},"metadata":{"operationMetadataId":"e73e7d3c-2a1c-4d9e-ba9a-044221af5cf3"},"type":"InitializeVariable","inputs":{"variables":[{"name":"today","type":"integer","value":"@ticks(convertTimeZone(utcNow(), 'UTC', 'Central Standard Time'))"}]}},"Apply_to_each":{"foreach":"@body('Filter_array_-_Keep_incomplete_tasks_from_the_Next_bucket_only')","actions":{"Set_variable_-_dateCreatedNext":{"runAfter":{},"metadata":{"operationMetadataId":"08ec993c-a0e1-4fdc-98d3-c242ff9bcb9d"},"type":"SetVariable","inputs":{"name":"dateCreatedNext","value":"@ticks(item()?['createdDateTime'])"}},"Set_variable_-_daysDiffNext":{"runAfter":{"Set_variable_-_dateCreatedNext":["Succeeded"]},"metadata":{"operationMetadataId":"e0782b80-f53d-457a-ac79-feeb482be976"},"type":"SetVariable","inputs":{"name":"daysDiffNext","value":"@div(sub(variables('today'),variables('dateCreatedNext')), 864000000000)"}},"Compose_-_Set_createdDateTime_property_-_Next_bucket":{"runAfter":{"Set_variable_-_daysDiffNext":["Succeeded"]},"metadata":{"operationMetadataId":"37217cf2-4b71-44e0-9de2-a6e2f14c0b8f"},"type":"Compose","inputs":"@setProperty(item(),'createdDateTime',variables('daysDiffNext'))"},"Append_to_array_variable":{"runAfter":{"Compose_-_Set_createdDateTime_property_-_Next_bucket":["Succeeded"]},"metadata":{"operationMetadataId":"18678c12-c9cb-4bb7-abb1-388642f5b2cd"},"type":"AppendToArrayVariable","inputs":{"name":"myTasksNext","value":"@outputs('Compose_-_Set_createdDateTime_property_-_Next_bucket')"}}},"runAfter":{"Filter_array_-_Keep_incomplete_tasks_from_the_Next_bucket_only":["Succeeded"]},"metadata":{"operationMetadataId":"a9c7dd18-3217-44fc-8145-5e9f391620f2"},"type":"Foreach"},"Initialize_variable_-_To_store_dateCreatedNext":{"runAfter":{"Initialize_variable_-_Today's_date_in_ticks":["Succeeded"]},"metadata":{"operationMetadataId":"750d6bed-c5b9-4171-9ba4-f9a4b0ca71c8"},"type":"InitializeVariable","inputs":{"variables":[{"name":"dateCreatedNext","type":"integer"}]}},"Initialize_variable_-_To_store_daysDiffNext":{"runAfter":{"Initialize_variable_-_To_store_dateCreatedNext":["Succeeded"]},"metadata":{"operationMetadataId":"3e098bec-e5e0-4c4d-82bf-7cd5223b2e78"},"type":"InitializeVariable","inputs":{"variables":[{"name":"daysDiffNext","type":"integer"}]}},"Initialize_variable_-_To_store_new_array_of_tasks_-_myTasksNext":{"runAfter":{"Initialize_variable_-_To_store_daysDiffNext":["Succeeded"]},"metadata":{"operationMetadataId":"dc92f238-6704-4664-86a3-f6fffc239f87"},"type":"InitializeVariable","inputs":{"variables":[{"name":"myTasksNext","type":"array"}]}},"Initialize_variable_-_To_store_dateCreatedWIP":{"runAfter":{"Initialize_variable_-_Today's_date_in_ticks":["Succeeded"]},"metadata":{"operationMetadataId":"d7982b55-8650-4fe8-9711-0d56452631d7"},"type":"InitializeVariable","inputs":{"variables":[{"name":"dateCreatedWIP","type":"integer"}]}},"Initialize_variable_-_To_store_daysDiffWIP":{"runAfter":{"Initialize_variable_-_To_store_dateCreatedWIP":["Succeeded"]},"metadata":{"operationMetadataId":"921113aa-8bad-4ca7-b3e2-69ad407404cd"},"type":"InitializeVariable","inputs":{"variables":[{"name":"daysDiffWIP","type":"integer"}]}},"Initialize_variable_-_To_store_new_array_of_tasks_-_myTasksWIP":{"runAfter":{"Initialize_variable_-_To_store_daysDiffWIP":["Succeeded"]},"metadata":{"operationMetadataId":"b403adc1-9393-466c-b1eb-ee303a51a42c"},"type":"InitializeVariable","inputs":{"variables":[{"name":"myTasksWIP","type":"array"}]}},"Apply_to_each_2":{"foreach":"@body('Filter_array_-_Keep_incomplete_tasks_from_the_WIP_bucket_only')","actions":{"Set_variable_-_dateCreatedWIP":{"runAfter":{},"metadata":{"operationMetadataId":"0f22bdf4-acea-4afc-b058-ca4fb02efd81"},"type":"SetVariable","inputs":{"name":"dateCreatedWIP","value":"@ticks(item()?['createdDateTime'])"}},"Set_variable_-_daysDiffWIP":{"runAfter":{"Set_variable_-_dateCreatedWIP":["Succeeded"]},"metadata":{"operationMetadataId":"4fc9e1e7-5e2f-45c6-9b9f-aaa88e17cada"},"type":"SetVariable","inputs":{"name":"daysDiffWIP","value":"@div(sub(variables('today'), variables('dateCreatedWIP')), 864000000000)"}},"Compose_-_Set_createdDateTime_property_-_WIP_bucket":{"runAfter":{"Set_variable_-_daysDiffWIP":["Succeeded"]},"metadata":{"operationMetadataId":"ad200539-abb3-4969-afb5-09c6dbf2c4c7"},"type":"Compose","inputs":"@setProperty(item(), 'createdDateTime', variables('daysDiffWIP'))"},"Append_to_array_variable_2":{"runAfter":{"Compose_-_Set_createdDateTime_property_-_WIP_bucket":["Succeeded"]},"metadata":{"operationMetadataId":"4840a1f9-bc3b-48d3-bcdc-84e87a6ccdc3"},"type":"AppendToArrayVariable","inputs":{"name":"myTasksWIP","value":"@outputs('Compose_-_Set_createdDateTime_property_-_WIP_bucket')"}}},"runAfter":{"Filter_array_-_Keep_incomplete_tasks_from_the_WIP_bucket_only":["Succeeded"]},"metadata":{"operationMetadataId":"63b9665e-6440-4ddd-9ae9-3d54c916171a"},"type":"Foreach"},"Initialize_variable_-_myTasksNextSorted":{"runAfter":{"Apply_to_each":["Succeeded"]},"metadata":{"operationMetadataId":"86733487-1da4-49a2-b890-a057ddfcd965"},"type":"InitializeVariable","inputs":{"variables":[{"name":"myTasksNextSorted","type":"array"}]}},"SortArray":{"actions":{"Settings":{"runAfter":{},"metadata":{"operationMetadataId":"5e788764-ea85-4254-b18d-6fe0e9e4561a"},"type":"Compose","inputs":{"SortOrder":"Dsc","Attribute":"createdDateTime"},"description":"Modify the settings below to change the sort order or the object attribute to sort on"},"Apply_to_each_3":{"foreach":"@range(0, length(variables('myTasksNext')))","actions":{"RemoveFoundElement":{"runAfter":{"Append_to_Sorted_Array":["Succeeded"]},"metadata":{"operationMetadataId":"6f13a269-e383-48bb-9899-7b3fb1243e80"},"type":"Compose","inputs":"@union(take(variables('myTasksNext'), outputs('ElementPosition')), skip(variables('myTasksNext'), add(outputs('ElementPosition'), 1)))"},"Update_Array_Of_Objects_With_Removed_Element":{"runAfter":{"RemoveFoundElement":["Succeeded"]},"metadata":{"operationMetadataId":"e50136bb-7b12-42db-acc4-70338d823317"},"type":"SetVariable","inputs":{"name":"myTasksNext","value":"@outputs('RemoveFoundElement')"}},"ArrayOfValues":{"runAfter":{},"metadata":{"operationMetadataId":"ad3f6b94-8dc5-489b-9210-38e3671c8255"},"type":"Select","inputs":{"from":"@variables('myTasksNext')","select":"@item()[outputs('Settings')['Attribute']]"},"description":"item()[outputs('Settings')['Attribute']]"},"Prepare":{"runAfter":{"ArrayOfValues":["Succeeded"]},"metadata":{"operationMetadataId":"ebf6f3bb-6669-4792-be20-de49ce49f573"},"type":"Compose","inputs":{"Root":{"Values":"@variables('myTasksNext')"}}},"XML":{"runAfter":{"Prepare":["Succeeded"]},"metadata":{"operationMetadataId":"c8af3e8c-24b8-4b8e-b76c-893389262fcc"},"type":"Compose","inputs":"@xml(outputs('Prepare'))","description":"xml(outputs('Prepare'))"},"Append_to_Sorted_Array":{"runAfter":{"ElementPosition":["Succeeded"]},"metadata":{"operationMetadataId":"48c26b4c-094e-4928-9fde-4c6c6b700cb3"},"type":"AppendToArrayVariable","inputs":{"name":"myTasksNextSorted","value":"@variables('myTasksNext')[outputs('ElementPosition')]"}},"ElementPosition":{"runAfter":{"xpath_expression":["Succeeded"]},"metadata":{"operationMetadataId":"4c6aa711-ae8f-44f5-b460-1baa6921dae1"},"type":"Compose","inputs":"@if(equals(outputs('Settings')['SortOrder'], 'Asc'), int(xpath(outputs('XML'), concat('count(//Root/Values[', outputs('Settings')['Attribute'], '= ', min(body('ArrayOfValues')), ']/preceding-sibling::*)'))), int(xpath(outputs('XML'), concat('count(//Root/Values[', outputs('Settings')['Attribute'], '= ', max(body('ArrayOfValues')), ']/preceding-sibling::*)'))))"},"xpath_expression":{"runAfter":{"XML":["Succeeded"]},"metadata":{"operationMetadataId":"a349faa1-96d3-4e6a-a276-56e1663f9aa2"},"type":"Compose","inputs":"@if(equals(outputs('Settings')['SortOrder'], 'Asc'), concat('count(//Root/Values[', outputs('Settings')['Attribute'], '= ', min(body('ArrayOfValues')), ']/preceding-sibling::*)'), concat('count(//Root/Values[', outputs('Settings')['Attribute'], '= ', max(body('ArrayOfValues')), ']/preceding-sibling::*)'))"}},"runAfter":{"Settings":["Succeeded"]},"metadata":{"operationMetadataId":"f5e1ebe2-13e2-4c60-a619-7e74808a028c"},"type":"Foreach","description":"range(0,length(variables('ArrayOfObjects')))"}},"runAfter":{"Initialize_variable_-_myTasksNextSorted":["Succeeded"]},"metadata":{"operationMetadataId":"e7c09895-b1e5-47e6-853e-1c55d46b803b"},"type":"Scope"},"Initialize_variable_-_myTasksWIPSorted":{"runAfter":{"Apply_to_each_2":["Succeeded"]},"metadata":{"operationMetadataId":"edb8bb4f-8e9a-45f7-aab7-ec0e3e5df04e"},"type":"InitializeVariable","inputs":{"variables":[{"name":"myTasksWIPSorted","type":"array"}]}},"SortArray_2":{"actions":{"Settings_2":{"runAfter":{},"metadata":{"operationMetadataId":"5e788764-ea85-4254-b18d-6fe0e9e4561a"},"type":"Compose","inputs":{"SortOrder":"Dsc","Attribute":"createdDateTime"},"description":"Modify the settings below to change the sort order or the object attribute to sort on"},"Apply_to_each_4":{"foreach":"@range(0, length(variables('myTasksWIP')))","actions":{"RemoveFoundElement_2":{"runAfter":{"Append_to_Sorted_Array_2":["Succeeded"]},"metadata":{"operationMetadataId":"6f13a269-e383-48bb-9899-7b3fb1243e80"},"type":"Compose","inputs":"@union(take(variables('myTasksWIP'), outputs('ElementPosition_2')), skip(variables('myTasksWIP'), add(outputs('ElementPosition_2'), 1)))"},"Update_Array_Of_Objects_With_Removed_Element_2":{"runAfter":{"RemoveFoundElement_2":["Succeeded"]},"metadata":{"operationMetadataId":"e50136bb-7b12-42db-acc4-70338d823317"},"type":"SetVariable","inputs":{"name":"myTasksWIP","value":"@outputs('RemoveFoundElement_2')"}},"ArrayOfValues_2":{"runAfter":{},"metadata":{"operationMetadataId":"ad3f6b94-8dc5-489b-9210-38e3671c8255"},"type":"Select","inputs":{"from":"@variables('myTasksWIP')","select":"@item()[outputs('Settings_2')['Attribute']]"},"description":"item()[outputs('Settings')['Attribute']]"},"Prepare_2":{"runAfter":{"ArrayOfValues_2":["Succeeded"]},"metadata":{"operationMetadataId":"ebf6f3bb-6669-4792-be20-de49ce49f573"},"type":"Compose","inputs":{"Root":{"Values":"@variables('myTasksWIP')"}}},"XML_2":{"runAfter":{"Prepare_2":["Succeeded"]},"metadata":{"operationMetadataId":"c8af3e8c-24b8-4b8e-b76c-893389262fcc"},"type":"Compose","inputs":"@xml(outputs('Prepare_2'))","description":"xml(outputs('Prepare'))"},"Append_to_Sorted_Array_2":{"runAfter":{"ElementPosition_2":["Succeeded"]},"metadata":{"operationMetadataId":"48c26b4c-094e-4928-9fde-4c6c6b700cb3"},"type":"AppendToArrayVariable","inputs":{"name":"myTasksWIPSorted","value":"@variables('myTasksWIP')[outputs('ElementPosition_2')]"}},"ElementPosition_2":{"runAfter":{"xpath_expression_2":["Succeeded"]},"metadata":{"operationMetadataId":"4c6aa711-ae8f-44f5-b460-1baa6921dae1"},"type":"Compose","inputs":"@if(equals(outputs('Settings_2')['SortOrder'], 'Asc'), int(xpath(outputs('XML_2'), concat('count(//Root/Values[', outputs('Settings_2')['Attribute'], '= ', min(body('ArrayOfValues_2')), ']/preceding-sibling::*)'))), int(xpath(outputs('XML_2'), concat('count(//Root/Values[', outputs('Settings_2')['Attribute'], '= ', max(body('ArrayOfValues_2')), ']/preceding-sibling::*)'))))"},"xpath_expression_2":{"runAfter":{"XML_2":["Succeeded"]},"metadata":{"operationMetadataId":"7d2bd820-6845-4631-a87d-f020e1fd8f58"},"type":"Compose","inputs":"@if(equals(outputs('Settings_2')['SortOrder'], 'Asc'), concat('count(//Root/Values[', outputs('Settings_2')['Attribute'], '= ', min(body('ArrayOfValues_2')), ']/preceding-sibling::*)'), concat('count(//Root/Values[', outputs('Settings_2')['Attribute'], '= ', max(body('ArrayOfValues_2')), ']/preceding-sibling::*)'))"}},"runAfter":{"Settings_2":["Succeeded"]},"metadata":{"operationMetadataId":"f5e1ebe2-13e2-4c60-a619-7e74808a028c"},"type":"Foreach","description":"range(0,length(variables('ArrayOfObjects')))"}},"runAfter":{"Initialize_variable_-_myTasksWIPSorted":["Succeeded"]},"metadata":{"operationMetadataId":"e2ffaf4b-345c-4b46-85b8-847516cfc4c3"},"type":"Scope"}},"outputs":{},"description":"On a daily basis, receive an email with incomplete Planner tasks in HTML table format. Incldues tasks from the WIP and Next buckets only."},"connectionReferences":{"shared_planner":{"connectionName":"shared-planner-03cfbbc4-a393-47c4-a26c-da4824a28901","source":"Embedded","id":"/providers/Microsoft.PowerApps/apis/shared_planner","tier":"NotSpecified"},"shared_office365":{"connectionName":"shared-office365-4c733ccf-54c8-485d-bb6f-b39d086d96bb","source":"Embedded","id":"/providers/Microsoft.PowerApps/apis/shared_office365","tier":"NotSpecified"}},"flowFailureAlertSubscribed":false,"isManaged":false}}