{"name":"242e6949-a800-401b-b9a8-a4e9fc058e4e","id":"/providers/Microsoft.Flow/flows/242e6949-a800-401b-b9a8-a4e9fc058e4e","type":"Microsoft.Flow/flows","properties":{"apiId":"/providers/Microsoft.PowerApps/apis/shared_logicflows","displayName":"Prod - Recurring Automatic Outlook Reply - Slower email response times than I would like","definition":{"metadata":{"workflowEntityId":null,"processAdvisorMetadata":null,"flowclientsuspensionreason":"None","flowclientsuspensiontime":null,"flowclientsuspensionreasondetails":null,"creator":{"id":"df291291-9ac9-42c2-a976-062f6e2ad9da","type":"User","tenantId":"7b326d24-41ad-4f57-bc60-89e4a6ac721b"},"provisioningMethod":"FromDefinition","failureAlertSubscription":true,"clientLastModifiedTime":"2023-01-23T00:07:29.1871536Z"},"$schema":"https://schema.management.azure.com/providers/Microsoft.Logic/schemas/2016-06-01/workflowdefinition.json#","contentVersion":"1.0.0.0","parameters":{"$connections":{"defaultValue":{},"type":"Object"},"$authentication":{"defaultValue":{},"type":"SecureObject"}},"triggers":{"Recurrence":{"recurrence":{"frequency":"Day","interval":1,"timeZone":"Central Standard Time","schedule":{"hours":["6"]}},"metadata":{"operationMetadataId":"11fa89ed-e78a-4e7c-9fd6-1af0278e8015"},"type":"Recurrence"}},"actions":{"Set_up_automatic_replies_(V2)":{"runAfter":{"Compose_-_Email_message_for_the_automatic_reply":["Succeeded"]},"metadata":{"operationMetadataId":"fb8d9b3d-00de-4c5e-b824-ee291ad37f21"},"type":"OpenApiConnection","inputs":{"host":{"apiId":"/providers/Microsoft.PowerApps/apis/shared_office365","connectionName":"shared_office365","operationId":"SetAutomaticRepliesSetting_V2"},"parameters":{"body/automaticRepliesSetting/status":"Scheduled","body/automaticRepliesSetting/externalAudience":"All","body/automaticRepliesSetting/scheduledStartDateTime/dateTime":"@utcNow()","body/automaticRepliesSetting/scheduledEndDateTime/dateTime":"@addHours(utcNow(), 23)","body/automaticRepliesSetting/internalReplyMessage":"@outputs('Compose_-_Email_message_for_the_automatic_reply')","body/automaticRepliesSetting/externalReplyMessage":"@outputs('Compose_-_Email_message_for_the_automatic_reply')"},"authentication":"@parameters('$authentication')"}},"Compose_-_Email_message_for_the_automatic_reply":{"runAfter":{},"metadata":{"operationMetadataId":"332aa705-d081-42ae-83e8-4e741bc2e4d3"},"type":"Compose","inputs":"<p>Thank you for your email! Ideally, I would like to respond to every email I receive in 24 hours or less. Unfortunately, I am currently experiencing a high volume of emails and finding that goal increasingly difficult to meet. I apologize in advance, but it may take me longer than either of us would like for me to send you a response.<br>\n <br>\nIf your email is about the DETECT project, you may want to email Mr. James Barnes at <a href=\"mailto:james.s.barnes@uth.tmc.edu\">james.s.barnes@uth.tmc.edu</a><br>\n <br>\nIf your email is related to advising or student affairs, you may want to email Mr. Mike Cooley at <a href=\"mailto:michael.a.cooley@uth.tmc.edu\">michael.a.cooley@uth.tmc.edu</a> or the main Dallas Student Affairs email address at <a href=\"mailto:dallasstudentaffairs@uth.tmc.edu\">dallasstudentaffairs@uth.tmc.edu</a>.<br>\n <br>\nIf you need me urgently, please feel free to take one of the following actions. First, you may send your email with the keywords \"Important\" or \"Urgent\" anywhere in the subject line. This will automatically route your email to a special folder that lets me know you believe a response is needed urgently. Additionally, you may call me at 972-546-2925.<br>\n <br>\nOtherwise, I will read your email and reply to you as soon as possible.<br>\n <br>\nThank you!<br>\nBrad</p>"}},"description":"Each morning, this flow creates an automatic reply in Office 365 Outlook. It tells senders that my email response times are currently slower than I would like, gives them the names of others they can contact, and tells them how to contact me for urgent matters."},"connectionReferences":{"shared_office365":{"connectionName":"shared-office365-2ff7f78d-75fa-4059-a634-11ab34a498ff","source":"Embedded","id":"/providers/Microsoft.PowerApps/apis/shared_office365","tier":"NotSpecified"}},"flowFailureAlertSubscribed":false,"isManaged":false}}