{"name":"98e5af37-a0ac-4d8b-bfb9-bdab76ebdb4b","id":"/providers/Microsoft.Flow/flows/98e5af37-a0ac-4d8b-bfb9-bdab76ebdb4b","type":"Microsoft.Flow/flows","properties":{"apiId":"/providers/Microsoft.PowerApps/apis/shared_logicflows","displayName":"Prod - Create reminder cards in Planner for WIP tasks","definition":{"metadata":{"workflowEntityId":null,"processAdvisorMetadata":null,"flowclientsuspensionreason":"None","flowclientsuspensiontime":null,"flowclientsuspensionreasondetails":null,"creator":{"id":"df291291-9ac9-42c2-a976-062f6e2ad9da","type":"User","tenantId":"7b326d24-41ad-4f57-bc60-89e4a6ac721b"},"provisioningMethod":"FromDefinition","failureAlertSubscription":true,"clientLastModifiedTime":"2023-01-29T21:12:00.2659035Z"},"$schema":"https://schema.management.azure.com/providers/Microsoft.Logic/schemas/2016-06-01/workflowdefinition.json#","contentVersion":"1.0.0.0","parameters":{"$connections":{"defaultValue":{},"type":"Object"},"$authentication":{"defaultValue":{},"type":"SecureObject"}},"triggers":{"Recurrence":{"recurrence":{"frequency":"Day","interval":1,"timeZone":"Central Standard Time","schedule":{"hours":["1"]}},"metadata":{"operationMetadataId":"4293eec2-7375-40ee-a54d-f0089ead282e"},"type":"Recurrence"}},"actions":{"List_my_tasks":{"runAfter":{},"metadata":{"operationMetadataId":"3d90db5a-26cb-46ff-b3b3-c68806542d59"},"type":"OpenApiConnection","inputs":{"host":{"apiId":"/providers/Microsoft.PowerApps/apis/shared_planner","connectionName":"shared_planner","operationId":"ListMyTasks_V2"},"parameters":{},"authentication":"@parameters('$authentication')"}},"Initialize_variable_-_today":{"runAfter":{"Initialize_variable_-_daysSinceCreatedTest":["Succeeded"]},"metadata":{"operationMetadataId":"e73e7d3c-2a1c-4d9e-ba9a-044221af5cf3"},"type":"InitializeVariable","inputs":{"variables":[{"name":"today","type":"integer","value":"@ticks(convertTimeZone(utcNow(), 'UTC', 'Central Standard Time'))"}]}},"Filter_array_-_Keep_incomplete_tasks_only":{"runAfter":{"Filter_array_-_Keep_tasks_from_👨‍💻WIP_-_No_Due_Date_bucket_only":["Succeeded"]},"metadata":{"operationMetadataId":"699eadaa-796f-41b0-beac-11cc34c551c5"},"type":"Query","inputs":{"from":"@body('Filter_array_-_Keep_tasks_from_👨‍💻WIP_-_No_Due_Date_bucket_only')","where":"@not(equals(item()?['percentComplete'], 100))"},"description":"Tasks with due dates bucket ID: PiWsWSrGvUuB_HP_0Re6V2QACjPe"},"Filter_array_-_Keep_tasks_from_👨‍💻WIP_-_No_Due_Date_bucket_only":{"runAfter":{"Initialize_variable_-_filteredTasksArray":["Succeeded"]},"metadata":{"operationMetadataId":"a949bd33-a1cb-4ce2-a692-16ccfc005658"},"type":"Query","inputs":{"from":"@outputs('List_my_tasks')?['body/value']","where":"@equals(item()?['bucketId'], 'RMg-ppHpJU-KwvzwdcCvImQAP17S')"},"description":"NEXT - NO DUE DATE bucket ID: RMg-ppHpJU-KwvzwdcCvImQAP17S"},"Initialize_variable_-_daysSinceCreatedTest":{"runAfter":{"Get_my_profile_(V2)":["Succeeded"]},"metadata":{"operationMetadataId":"f369a0d5-ba5d-483c-a058-850867913c0d"},"type":"InitializeVariable","inputs":{"variables":[{"name":"daysSinceCreatedTest","type":"integer","value":7}]}},"Apply_to_each_-_Task_in_tasksArray_-_Test_days_criteria":{"foreach":"@variables('tasksArray')","actions":{"Condition_-_Test_if_`daysCreatedDiff`_is_a_multiple_of_`daysSinceCreatedTest`":{"actions":{"Create_a_task":{"runAfter":{},"metadata":{"operationMetadataId":"2d53094b-dfc7-492f-8aff-91fb42d0aaa3"},"type":"OpenApiConnection","inputs":{"host":{"apiId":"/providers/Microsoft.PowerApps/apis/shared_planner","connectionName":"shared_planner","operationId":"CreateTask_V4"},"parameters":{"body/groupId":"ea9b3759-76eb-483e-af0f-92dcf50445c6","body/planId":"PiWsWSrGvUuB_HP_0Re6V2QACjPe","body/title":"Reminder: @{items('Apply_to_each_-_Task_in_tasksArray_-_Test_days_criteria')?['title']} created @{item()?['daysCreatedDiff']} days ago","body/bucketId":"xaoNriRG_UCzT5MHpu3hzGQAAPMn","body/dueDateTime":"@convertTimeZone(utcNow(), 'UTC', 'Central Standard Time')","body/assignments":"@outputs('Get_my_profile_(V2)')?['body/id']"},"authentication":"@parameters('$authentication')"}},"Update_task_details":{"runAfter":{"Create_a_task":["Succeeded"]},"metadata":{"operationMetadataId":"6bffaf21-4de2-4650-9472-41632a6ff9ae"},"type":"OpenApiConnection","inputs":{"host":{"apiId":"/providers/Microsoft.PowerApps/apis/shared_planner","connectionName":"shared_planner","operationId":"UpdateTaskDetails_V2"},"parameters":{"id":"@outputs('Create_a_task')?['body/id']","body/description":"This reminder task was automatically generated by a Power Automate flow. \nThe original task was created on @{formatDateTime(item()?['createdDateTime'],'yyy-MM-dd')} (@{items('Apply_to_each_-_Task_in_tasksArray_-_Test_days_criteria')?['daysCreatedDiff']} days ago).\nThe original task is in the 👨‍💻WIP - No Due Date bucket.","body/references":[{"alias":"Link to task","resourceLink":"@concat('https://tasks.office.com/uthtmc.onmicrosoft.com/Home/Task/',item()?['id'])"}]},"authentication":"@parameters('$authentication')"}}},"runAfter":{},"expression":{"and":[{"equals":["@mod(item()?['daysCreatedDiff'], variables('daysSinceCreatedTest'))",0]},{"not":{"equals":["@item()?['daysCreatedDiff']",0]}}]},"metadata":{"operationMetadataId":"1a1fbf81-0877-4740-8514-c1967a7368b7"},"type":"If"}},"runAfter":{"Compose_-_Data_check:_Length_of_tasksArray":["Succeeded"]},"metadata":{"operationMetadataId":"c42b7dec-297d-46a7-b2e6-371b125b8994"},"type":"Foreach"},"Get_my_profile_(V2)":{"runAfter":{"List_my_tasks":["Succeeded"]},"metadata":{"operationMetadataId":"ab8ec269-a35e-49fb-9bb4-39eea4a6578b"},"type":"OpenApiConnection","inputs":{"host":{"apiId":"/providers/Microsoft.PowerApps/apis/shared_office365users","connectionName":"shared_office365users","operationId":"MyProfile_V2"},"parameters":{},"authentication":"@parameters('$authentication')"},"description":"We will use this later to assign the reminder task to me."},"Compose_-_Data_check:_View_filteredTasksArray":{"runAfter":{"Set_variable_-_filteredTasksArray":["Succeeded"]},"metadata":{"operationMetadataId":"d23b7982-ff36-4f38-8e43-8c16ec23b290"},"type":"Compose","inputs":"@variables('filteredTasksArray')"},"Compose_-_Data_check:_Length_of_filteredTasksArray":{"runAfter":{"Compose_-_Data_check:_View_filteredTasksArray":["Succeeded"]},"metadata":{"operationMetadataId":"7b1d3264-9e7a-483a-bdfa-cc979aa10e4a"},"type":"Compose","inputs":"@length(variables('filteredTasksArray'))"},"Initialize_variable_-_filteredTasksArray":{"runAfter":{"Initialize_variable_-_today":["Succeeded"]},"metadata":{"operationMetadataId":"4dc46f83-8288-4274-b654-16806ae6fd24"},"type":"InitializeVariable","inputs":{"variables":[{"name":"filteredTasksArray","type":"array"}]}},"Set_variable_-_filteredTasksArray":{"runAfter":{"Filter_array_-_Keep_incomplete_tasks_only":["Succeeded"]},"metadata":{"operationMetadataId":"a1cafd27-f04a-4883-95b9-7c01bd472a7c"},"type":"SetVariable","inputs":{"name":"filteredTasksArray","value":"@body('Filter_array_-_Keep_incomplete_tasks_only')"}},"Apply_to_each_-_Calculate_daysCreatedDiff_for_each_task":{"foreach":"@variables('filteredTasksArray')","actions":{"Set_variable_-_dateCreated":{"runAfter":{},"metadata":{"operationMetadataId":"d09f1963-8b9b-4286-a477-3aa2fd73c65b"},"type":"SetVariable","inputs":{"name":"dateCreated","value":"@ticks(item()?['createdDateTime'])"},"description":"ticks(item()?['createdDateTime'])"},"Set_variable_-_daysCreatedDiff":{"runAfter":{"Set_variable_-_dateCreated":["Succeeded"]},"metadata":{"operationMetadataId":"9bd3c30f-2673-438d-a658-c0035fb92766"},"type":"SetVariable","inputs":{"name":"daysCreatedDiff","value":"@div(sub(variables('today'),variables('dateCreated')), 864000000000)"},"description":"div(sub(variables('today'),variables('dateCreated')), 864000000000)"},"Compose_-_Add_daysCreatedDiff_property":{"runAfter":{"Set_variable_-_daysCreatedDiff":["Succeeded"]},"metadata":{"operationMetadataId":"c393d54b-7f0b-4a6d-bbb0-c30575ff537e"},"type":"Compose","inputs":"@addProperty(item(),'daysCreatedDiff',variables('daysCreatedDiff'))","description":"addProperty(item(),'daysCreatedDiff',variables('daysCreatedDiff'))"},"Append_to_array_variable_-_tasksArray":{"runAfter":{"Compose_-_Add_daysCreatedDiff_property":["Succeeded"]},"metadata":{"operationMetadataId":"c716785b-3571-48fb-a728-82a26e496e7a"},"type":"AppendToArrayVariable","inputs":{"name":"tasksArray","value":"@outputs('Compose_-_Add_daysCreatedDiff_property')"}}},"runAfter":{"Initialize_variable_-_tasksArray":["Succeeded"]},"metadata":{"operationMetadataId":"58ff64d4-591b-4a6b-80ed-45c39e8a6d9c"},"type":"Foreach"},"Initialize_variable_-_dateCreated":{"runAfter":{"Compose_-_Data_check:_Length_of_filteredTasksArray":["Succeeded"]},"metadata":{"operationMetadataId":"750d6bed-c5b9-4171-9ba4-f9a4b0ca71c8"},"type":"InitializeVariable","inputs":{"variables":[{"name":"dateCreated","type":"integer"}]}},"Initialize_variable_-_daysCreatedDiff":{"runAfter":{"Initialize_variable_-_dateCreated":["Succeeded"]},"metadata":{"operationMetadataId":"3e098bec-e5e0-4c4d-82bf-7cd5223b2e78"},"type":"InitializeVariable","inputs":{"variables":[{"name":"daysCreatedDiff","type":"integer"}]}},"Initialize_variable_-_tasksArray":{"runAfter":{"Initialize_variable_-_daysCreatedDiff":["Succeeded"]},"metadata":{"operationMetadataId":"dc92f238-6704-4664-86a3-f6fffc239f87"},"type":"InitializeVariable","inputs":{"variables":[{"name":"tasksArray","type":"array"}]}},"Compose_-_Data_check:_View_tasksArray":{"runAfter":{"Apply_to_each_-_Calculate_daysCreatedDiff_for_each_task":["Succeeded"]},"metadata":{"operationMetadataId":"0495f578-e70e-42ee-995b-ffaff9516c3c"},"type":"Compose","inputs":"@variables('tasksArray')"},"Compose_-_Data_check:_Length_of_tasksArray":{"runAfter":{"Compose_-_Data_check:_View_tasksArray":["Succeeded"]},"metadata":{"operationMetadataId":"58fab1bb-01ed-40e8-96b9-47e21da0e589"},"type":"Compose","inputs":"@length(variables('tasksArray'))"}},"description":"Each morning at 1:00 AM, this flow calculates the number of days since creation for each Planner task in SPH Cannell Private/Cannell Tasks/👨‍💻WIP - No Due Date. It creates a reminder task in SPH Cannell Private/Cannell Tasks/🙋‍♂️ Reminders if the difference between the day it was created and today is a multiple of 7."},"connectionReferences":{"shared_planner":{"connectionName":"shared-planner-03cfbbc4-a393-47c4-a26c-da4824a28901","source":"Embedded","id":"/providers/Microsoft.PowerApps/apis/shared_planner","tier":"NotSpecified"},"shared_office365users":{"connectionName":"shared-office365user-702a5c72-d171-4327-9b71-b264caf8a8c2","source":"Embedded","id":"/providers/Microsoft.PowerApps/apis/shared_office365users","tier":"NotSpecified"}},"flowFailureAlertSubscribed":false,"isManaged":false}}